{
	"tags": null,
	"position": [
		0.031682588160037994,
		0.087424635887146,
		0.08048094809055328
	],
	"rotation": [
		0,
		0,
		0
	],
	"rotationQuaternion": [
		-0.003611026331782341,
		-2.4351354266372027e-9,
		1.4200289555343915e-10,
		0.9999935030937195
	],
	"scaling": [
		1.0000001192092896,
		0.9999997019767761,
		0.9999995827674866
	],
	"billboardMode": 0,
	"scalingDeterminant": 1,
	"infiniteDistance": false,
	"ignoreNonUniformScaling": false,
	"reIntegrateRotationIntoRotationQuaternion": false,
	"name": "LeftEye",
	"id": "afcc4585-c026-4a32-b9a5-c7593c84af2f",
	"state": "",
	"metadata": {
		"gltf": {
			"pointers": [
				"/nodes/1"
			]
		}
	},
	"type": "TransformNode",
	"parentId": "30468b7d-cd6d-4db2-9539-2944fcbf4bdc",
	"localMatrix": {
		"0": 1,
		"1": 0,
		"2": 0,
		"3": 0,
		"4": 0,
		"5": 1,
		"6": 0,
		"7": 0,
		"8": 0,
		"9": 0,
		"10": 1,
		"11": 0,
		"12": 0,
		"13": 0,
		"14": 0,
		"15": 1
	},
	"isEnabled": true
}