{
	"tags": null,
	"position": [
		-1.412012977652921e-7,
		0.03528512641787529,
		7.301546389726354e-8
	],
	"rotation": [
		0,
		0,
		0
	],
	"rotationQuaternion": [
		0.012975241057574749,
		0.05238630250096321,
		-0.006929033901542425,
		0.9985185861587524
	],
	"scaling": [
		0.9999997019767761,
		0.9999998211860657,
		0.9999998807907104
	],
	"billboardMode": 0,
	"scalingDeterminant": 1,
	"infiniteDistance": false,
	"ignoreNonUniformScaling": false,
	"reIntegrateRotationIntoRotationQuaternion": false,
	"name": "LeftHandThumb4",
	"id": "61bfd23e-22e7-4db4-9b44-198d04f6bb6b",
	"state": "",
	"metadata": {
		"gltf": {
			"pointers": [
				"/nodes/5"
			]
		}
	},
	"type": "TransformNode",
	"parentId": "2e392f9e-ec35-4c3d-937e-9b4490546c98",
	"localMatrix": {
		"0": 1,
		"1": 0,
		"2": 0,
		"3": 0,
		"4": 0,
		"5": 1,
		"6": 0,
		"7": 0,
		"8": 0,
		"9": 0,
		"10": 1,
		"11": 0,
		"12": 0,
		"13": 0,
		"14": 0,
		"15": 1
	},
	"isEnabled": true
}