{
	"tags": null,
	"position": [
		-0.03534656763076782,
		0.09745360910892487,
		-0.006951936986297369
	],
	"rotation": [
		0,
		0,
		0
	],
	"rotationQuaternion": [
		0.6020442247390747,
		-0.10849640518426895,
		0.0904669538140297,
		0.7858672142028809
	],
	"scaling": [
		0.9999995827674866,
		0.9999997019767761,
		1
	],
	"billboardMode": 0,
	"scalingDeterminant": 1,
	"infiniteDistance": false,
	"ignoreNonUniformScaling": false,
	"reIntegrateRotationIntoRotationQuaternion": false,
	"name": "LeftHandIndex1",
	"id": "048b13af-0dd7-4d25-b94a-ba1c2454cf1e",
	"state": "",
	"metadata": {
		"gltf": {
			"pointers": [
				"/nodes/12"
			]
		}
	},
	"type": "TransformNode",
	"parentId": "10247906-b74e-44d3-a5d0-bb905e8fd5b7",
	"localMatrix": {
		"0": 1,
		"1": 0,
		"2": 0,
		"3": 0,
		"4": 0,
		"5": 1,
		"6": 0,
		"7": 0,
		"8": 0,
		"9": 0,
		"10": 1,
		"11": 0,
		"12": 0,
		"13": 0,
		"14": 0,
		"15": 1
	},
	"isEnabled": true
}