{
	"tags": null,
	"position": [
		-166.85552978515625,
		-3.694822225952521e-12,
		318.35821533203125
	],
	"rotation": [
		0,
		-0.02707709989773602,
		0
	],
	"scaling": [
		0.9999995166918583,
		1,
		0.9999995166918583
	],
	"billboardMode": 0,
	"scalingDeterminant": 1,
	"infiniteDistance": false,
	"ignoreNonUniformScaling": false,
	"reIntegrateRotationIntoRotationQuaternion": false,
	"name": "player",
	"id": "078c2d5d-b690-4f72-bfb1-614c5eb90ad3",
	"state": "",
	"metadata": {
		"script": {
			"name": "None"
		}
	},
	"type": "TransformNode",
	"localMatrix": {
		"0": 1,
		"1": 0,
		"2": 0,
		"3": 0,
		"4": 0,
		"5": 1,
		"6": 0,
		"7": 0,
		"8": 0,
		"9": 0,
		"10": 1,
		"11": 0,
		"12": 0,
		"13": 0,
		"14": 0,
		"15": 1
	},
	"isEnabled": false
}