{
	"tags": null,
	"position": [
		-0.015421761199831963,
		0.0956040769815445,
		0.0022299771662801504
	],
	"rotation": [
		0,
		0,
		0
	],
	"rotationQuaternion": [
		0.7944992780685425,
		0.03015502169728279,
		-0.08209851384162903,
		0.600933849811554
	],
	"scaling": [
		1.0000001192092896,
		1,
		1
	],
	"billboardMode": 0,
	"scalingDeterminant": 1,
	"infiniteDistance": false,
	"ignoreNonUniformScaling": false,
	"reIntegrateRotationIntoRotationQuaternion": false,
	"name": "RightHandRing1",
	"id": "d713075e-584c-4a1d-bb14-bb3f00ecf280",
	"state": "",
	"metadata": {
		"gltf": {
			"pointers": [
				"/nodes/44"
			]
		}
	},
	"type": "TransformNode",
	"parentId": "f5241ce6-3f76-4370-882d-b98ec58a79ba",
	"localMatrix": {
		"0": 1,
		"1": 0,
		"2": 0,
		"3": 0,
		"4": 0,
		"5": 1,
		"6": 0,
		"7": 0,
		"8": 0,
		"9": 0,
		"10": 1,
		"11": 0,
		"12": 0,
		"13": 0,
		"14": 0,
		"15": 1
	},
	"isEnabled": true
}