{
	"tags": null,
	"position": [
		-1.1068188854324035e-7,
		0.25197190046310425,
		-2.1543290529280057e-7
	],
	"rotation": [
		0,
		0,
		0
	],
	"rotationQuaternion": [
		0.05165921896696091,
		0.036737360060214996,
		-0.11026322096586227,
		0.991878867149353
	],
	"scaling": [
		0.9999992847442627,
		1,
		0.9999993443489075
	],
	"billboardMode": 0,
	"scalingDeterminant": 1,
	"infiniteDistance": false,
	"ignoreNonUniformScaling": false,
	"reIntegrateRotationIntoRotationQuaternion": false,
	"name": "RightHand",
	"id": "f5241ce6-3f76-4370-882d-b98ec58a79ba",
	"state": "",
	"metadata": {
		"gltf": {
			"pointers": [
				"/nodes/49"
			]
		}
	},
	"type": "TransformNode",
	"parentId": "69ea16d7-d4e7-4380-8264-3052071c0d0a",
	"localMatrix": {
		"0": 1,
		"1": 0,
		"2": 0,
		"3": 0,
		"4": 0,
		"5": 1,
		"6": 0,
		"7": 0,
		"8": 0,
		"9": 0,
		"10": 1,
		"11": 0,
		"12": 0,
		"13": 0,
		"14": 0,
		"15": 1
	},
	"isEnabled": true
}