{
	"materials": [],
	"meshes": [
		{
			"name": "cube",
			"id": "287f4884-bbf3-4c14-969b-83371249634d",
			"uniqueId": 376,
			"type": "Mesh",
			"tags": "modified",
			"position": [
				-6.619623976074124,
				48.4098957719148,
				496.35306526573
			],
			"rotationQuaternion": [
				-3.6939621003811747e-10,
				-0.000002028083669527611,
				-0.0000041736460370160786,
				0.9999999999892338
			],
			"scaling": [
				1000,
				100,
				10
			],
			"localMatrix": {
				"0": 1,
				"1": 0,
				"2": 0,
				"3": 0,
				"4": 0,
				"5": 1,
				"6": 0,
				"7": 0,
				"8": 0,
				"9": 0,
				"10": 1,
				"11": 0,
				"12": 0,
				"13": 0,
				"14": 0,
				"15": 1
			},
			"isEnabled": true,
			"isVisible": true,
			"infiniteDistance": false,
			"pickable": true,
			"receiveShadows": true,
			"billboardMode": 0,
			"visibility": 1,
			"checkCollisions": true,
			"isBlocker": false,
			"overrideMaterialSideOrientation": null,
			"isUnIndexed": false,
			"geometryId": "7c781f49-15e0-439d-adbf-6668dd24c5e9",
			"subMeshes": null,
			"materialId": "c6b937fd-8d4f-4b1a-a395-2c8d7901a322",
			"metadata": {
				"isPickable": true,
				"script": {
					"name": "None",
					"properties": {
						"_impulseForce": {
							"type": "number",
							"value": 10
						}
					}
				},
				"renderingGroupId": 0
			},
			"instances": [
				{
					"name": "cube (Mesh Instance)",
					"id": "89d8f4bb-4903-403a-b51f-1b8cf13b3afb",
					"isEnabled": true,
					"isVisible": true,
					"isPickable": true,
					"checkCollisions": true,
					"position": [
						498.3979181158935,
						48.553234167260264,
						1.2230695447341675
					],
					"scaling": [
						1000,
						100,
						10
					],
					"rotationQuaternion": [
						0.000002947334612333265,
						0.7062386498164017,
						-0.000002955087149594052,
						0.7079738480255376
					],
					"metadata": {
						"isPickable": true,
						"script": {
							"name": "None"
						},
						"renderingGroupId": 0
					},
					"animations": [],
					"ranges": []
				},
				{
					"name": "cube (Mesh Instance)",
					"id": "624268e1-5ae4-45d3-b295-7b06baa4ed0e",
					"isEnabled": true,
					"isVisible": true,
					"isPickable": true,
					"checkCollisions": true,
					"position": [
						0.6889544137334247,
						48.216932314992484,
						-495.2337763408747
					],
					"scaling": [
						1000,
						100,
						10
					],
					"rotationQuaternion": [
						-3.2623593299060004e-9,
						-0.0006951781929228945,
						-0.000004173644778340057,
						0.9999997583549016
					],
					"metadata": {
						"isPickable": true,
						"script": {
							"name": "None"
						},
						"renderingGroupId": 0
					},
					"animations": [],
					"ranges": []
				},
				{
					"name": "cube (Mesh Instance)",
					"id": "f79af5ff-8fab-4f08-8110-0970199ad19e",
					"isEnabled": true,
					"isVisible": true,
					"isPickable": true,
					"checkCollisions": true,
					"position": [
						-498.54078024915185,
						48.63733047106464,
						-1.2342224115426041
					],
					"scaling": [
						1000,
						100,
						10
					],
					"rotationQuaternion": [
						0.0000029420835137821303,
						0.7049806019727184,
						-0.0000029603151819839988,
						0.7092265863775584
					],
					"metadata": {
						"isPickable": true,
						"script": {}
					},
					"animations": [],
					"ranges": []
				},
				{
					"name": "cube (Mesh Instance)",
					"id": "e366ac1c-e1a9-4431-8abc-d6657e21867f",
					"isEnabled": true,
					"isVisible": true,
					"isPickable": true,
					"checkCollisions": true,
					"position": [
						57.69790335781523,
						18.203242647569393,
						22.08314780650284
					],
					"scaling": [
						100,
						100,
						10
					],
					"rotationQuaternion": [
						0.36451695564177217,
						0.6054345021773614,
						-0.3636235609479632,
						0.6069220366294409
					],
					"metadata": {
						"isPickable": true,
						"script": {}
					},
					"animations": [],
					"ranges": []
				},
				{
					"name": "cube (Mesh Instance)",
					"id": "db293505-6a98-43cf-b62d-fa3fda8c62a0",
					"isEnabled": true,
					"isVisible": true,
					"isPickable": true,
					"checkCollisions": true,
					"position": [
						149.64241126935383,
						40.659984192300335,
						21.98647000748971
					],
					"scaling": [
						100,
						100,
						10
					],
					"rotationQuaternion": [
						0.5009946157140344,
						0.49900526576113274,
						-0.49976672082671547,
						0.5002313110175343
					],
					"metadata": {
						"isPickable": true,
						"script": {
							"name": "None"
						},
						"renderingGroupId": 0
					},
					"animations": [],
					"ranges": []
				}
			],
			"animations": [],
			"ranges": [],
			"layerMask": 268435455,
			"alphaIndex": 1.7976931348623157e+308,
			"hasVertexAlpha": false,
			"overlayAlpha": 0.3,
			"overlayColor": [
				1,
				0,
				0
			],
			"applyFog": true,
			"delayLoadingFile": "geometries/7c781f49-15e0-439d-adbf-6668dd24c5e9.babylonbinarymeshdata",
			"boundingBoxMaximum": [
				0.5,
				0.5,
				0.5
			],
			"boundingBoxMinimum": [
				-0.5,
				-0.5,
				-0.5
			],
			"_binaryInfo": {
				"positionsAttrDesc": {
					"count": 72,
					"stride": 3,
					"offset": 0,
					"dataType": 1
				},
				"normalsAttrDesc": {
					"count": 72,
					"stride": 3,
					"offset": 288,
					"dataType": 1
				},
				"uvsAttrDesc": {
					"count": 48,
					"stride": 2,
					"offset": 576,
					"dataType": 1
				},
				"indicesAttrDesc": {
					"count": 36,
					"stride": 1,
					"offset": 768,
					"dataType": 0
				},
				"subMeshesAttrDesc": {
					"count": 1,
					"stride": 5,
					"offset": 912,
					"dataType": 0
				}
			},
			"positions": null,
			"normals": null,
			"uvs": null,
			"hasUVs": true,
			"indices": null
		}
	],
	"multiMaterials": [],
	"lods": []
}