{
	"tags": null,
	"position": [
		-2.600037806582689e-12,
		0.12263815850019455,
		-7.1112573607479135e-9
	],
	"rotation": [
		0,
		0,
		0
	],
	"rotationQuaternion": [
		-0.2835575044155121,
		0.05702092498540878,
		-0.047243136912584305,
		0.9560920596122742
	],
	"scaling": [
		1.0000001192092896,
		1.000000238418579,
		1.000000238418579
	],
	"billboardMode": 0,
	"scalingDeterminant": 1,
	"infiniteDistance": false,
	"ignoreNonUniformScaling": false,
	"reIntegrateRotationIntoRotationQuaternion": false,
	"name": "Head",
	"id": "67b63dcf-fa6b-4545-b5aa-57c3012bcb9a",
	"state": "",
	"metadata": {
		"gltf": {
			"pointers": [
				"/nodes/3"
			]
		}
	},
	"type": "TransformNode",
	"parentId": "719e73ac-c450-48a3-bb99-bab017f8d57e",
	"localMatrix": {
		"0": 1,
		"1": 0,
		"2": 0,
		"3": 0,
		"4": 0,
		"5": 1,
		"6": 0,
		"7": 0,
		"8": 0,
		"9": 0,
		"10": 1,
		"11": 0,
		"12": 0,
		"13": 0,
		"14": 0,
		"15": 1
	},
	"isEnabled": true
}