{
	"tags": null,
	"position": [
		1.138904082154113e-8,
		0.22634492814540863,
		0.03732239082455635
	],
	"rotation": [
		0,
		0,
		0
	],
	"rotationQuaternion": [
		-0.0036119164433330297,
		-1.1654920362147436e-9,
		4.659682639740481e-10,
		0.9999935030937195
	],
	"scaling": [
		1,
		0.9999991655349731,
		0.9999998807907104
	],
	"billboardMode": 0,
	"scalingDeterminant": 1,
	"infiniteDistance": false,
	"ignoreNonUniformScaling": false,
	"reIntegrateRotationIntoRotationQuaternion": false,
	"name": "HeadTop_End",
	"id": "bc9a15a2-d4db-43cc-a368-b80dad9a70a5",
	"state": "",
	"metadata": {
		"gltf": {
			"pointers": [
				"/nodes/0"
			]
		}
	},
	"type": "TransformNode",
	"parentId": "67b63dcf-fa6b-4545-b5aa-57c3012bcb9a",
	"localMatrix": {
		"0": 1,
		"1": 0,
		"2": 0,
		"3": 0,
		"4": 0,
		"5": 1,
		"6": 0,
		"7": 0,
		"8": 0,
		"9": 0,
		"10": 1,
		"11": 0,
		"12": 0,
		"13": 0,
		"14": 0,
		"15": 1
	},
	"isEnabled": true
}