{
	"tags": null,
	"position": [
		6.432850341298035e-7,
		0.4438583552837372,
		-4.7195391061904957e-7
	],
	"rotation": [
		0,
		0,
		0
	],
	"rotationQuaternion": [
		0.5042387247085571,
		0.006461835000663996,
		-0.013552333228290081,
		0.8634337782859802
	],
	"scaling": [
		1.0000003576278687,
		0.9999997615814209,
		0.9999991059303284
	],
	"billboardMode": 0,
	"scalingDeterminant": 1,
	"infiniteDistance": false,
	"ignoreNonUniformScaling": false,
	"reIntegrateRotationIntoRotationQuaternion": false,
	"name": "LeftFoot",
	"id": "60d45a8d-8c55-40c4-a8dc-fdad383a17be",
	"state": "",
	"metadata": {
		"gltf": {
			"pointers": [
				"/nodes/58"
			]
		}
	},
	"type": "TransformNode",
	"parentId": "c4587978-5563-4ff3-b3d0-a00969157a57",
	"localMatrix": {
		"0": 1,
		"1": 0,
		"2": 0,
		"3": 0,
		"4": 0,
		"5": 1,
		"6": 0,
		"7": 0,
		"8": 0,
		"9": 0,
		"10": 1,
		"11": 0,
		"12": 0,
		"13": 0,
		"14": 0,
		"15": 1
	},
	"isEnabled": true
}