{
	"tags": null,
	"position": [
		-8.664925417178893e-7,
		0.0990745797753334,
		7.28129450067172e-8
	],
	"rotation": [
		0,
		0,
		0
	],
	"rotationQuaternion": [
		0.006907578092068434,
		0.698416531085968,
		0.017670530825853348,
		0.715440034866333
	],
	"scaling": [
		0.9999996423721313,
		0.999999463558197,
		0.9999991655349731
	],
	"billboardMode": 0,
	"scalingDeterminant": 1,
	"infiniteDistance": false,
	"ignoreNonUniformScaling": false,
	"reIntegrateRotationIntoRotationQuaternion": false,
	"name": "LeftToe_End",
	"id": "7c574ffb-8878-4a1c-921d-27fa50812fee",
	"state": "",
	"metadata": {
		"gltf": {
			"pointers": [
				"/nodes/56"
			]
		}
	},
	"type": "TransformNode",
	"parentId": "e551f4f6-9dd1-4800-b9ad-d5e6c9dd0bcf",
	"localMatrix": {
		"0": 1,
		"1": 0,
		"2": 0,
		"3": 0,
		"4": 0,
		"5": 1,
		"6": 0,
		"7": 0,
		"8": 0,
		"9": 0,
		"10": 1,
		"11": 0,
		"12": 0,
		"13": 0,
		"14": 0,
		"15": 1
	},
	"isEnabled": true
}