{
	"tags": null,
	"position": [
		2.1847438347322168e-7,
		0.026324495673179626,
		2.7237543775981976e-8
	],
	"rotation": [
		0,
		0,
		0
	],
	"rotationQuaternion": [
		0.13740232586860657,
		0.10453125089406967,
		-0.012381513603031635,
		0.9849063754081726
	],
	"scaling": [
		1.0000003576278687,
		1.0000009536743164,
		1.0000007152557373
	],
	"billboardMode": 0,
	"scalingDeterminant": 1,
	"infiniteDistance": false,
	"ignoreNonUniformScaling": false,
	"reIntegrateRotationIntoRotationQuaternion": false,
	"name": "LeftHandPinky4",
	"id": "4c9cac04-ffb4-4190-b14f-f49ca6706147",
	"state": "",
	"metadata": {
		"gltf": {
			"pointers": [
				"/nodes/21"
			]
		}
	},
	"type": "TransformNode",
	"parentId": "ad934e52-4cf5-4db4-84ef-a8aa0cde2738",
	"localMatrix": {
		"0": 1,
		"1": 0,
		"2": 0,
		"3": 0,
		"4": 0,
		"5": 1,
		"6": 0,
		"7": 0,
		"8": 0,
		"9": 0,
		"10": 1,
		"11": 0,
		"12": 0,
		"13": 0,
		"14": 0,
		"15": 1
	},
	"isEnabled": true
}