{
	"tags": null,
	"position": [
		-0.03913154453039169,
		0.08981312811374664,
		0.010543810203671455
	],
	"rotation": [
		0,
		0,
		0
	],
	"rotationQuaternion": [
		0.7471021413803101,
		0.09014467149972916,
		-0.008338195271790028,
		0.6585156917572021
	],
	"scaling": [
		1.0000003576278687,
		1.0000001192092896,
		1.0000001192092896
	],
	"billboardMode": 0,
	"scalingDeterminant": 1,
	"infiniteDistance": false,
	"ignoreNonUniformScaling": false,
	"reIntegrateRotationIntoRotationQuaternion": false,
	"name": "RightHandPinky1",
	"id": "d856da14-b989-411f-8a31-7b9539dfa0e1",
	"state": "",
	"metadata": {
		"gltf": {
			"pointers": [
				"/nodes/48"
			]
		}
	},
	"type": "TransformNode",
	"parentId": "f16b6524-b082-4fa0-96e3-35a09e36a63f",
	"localMatrix": {
		"0": 1,
		"1": 0,
		"2": 0,
		"3": 0,
		"4": 0,
		"5": 1,
		"6": 0,
		"7": 0,
		"8": 0,
		"9": 0,
		"10": 1,
		"11": 0,
		"12": 0,
		"13": 0,
		"14": 0,
		"15": 1
	},
	"isEnabled": true
}