{
	"tags": null,
	"position": [
		-0.43860432505607605,
		0.8712112903594971,
		-0.18040768802165985
	],
	"rotation": [
		0,
		0,
		0
	],
	"rotationQuaternion": [
		-0.8129696846008301,
		0.024182822555303574,
		0.01729883998632431,
		-0.5815463662147522
	],
	"scaling": [
		0.031148940324783325,
		0.02445329912006855,
		0.3353824317455292
	],
	"billboardMode": 0,
	"scalingDeterminant": 1,
	"infiniteDistance": false,
	"ignoreNonUniformScaling": false,
	"reIntegrateRotationIntoRotationQuaternion": false,
	"name": "Sword",
	"id": "15d87023-14ff-4ed4-beca-750c0f98a976",
	"state": "",
	"metadata": {
		"gltf": {
			"pointers": [
				"/nodes/77"
			]
		},
		"script": {
			"name": "None"
		}
	},
	"type": "TransformNode",
	"parentId": "904a916c-d064-4a40-a6a8-53f64e315f4c",
	"localMatrix": {
		"0": 1,
		"1": 0,
		"2": 0,
		"3": 0,
		"4": 0,
		"5": 1,
		"6": 0,
		"7": 0,
		"8": 0,
		"9": 0,
		"10": 1,
		"11": 0,
		"12": 0,
		"13": 0,
		"14": 0,
		"15": 1
	},
	"isEnabled": true
}