{
	"tags": null,
	"position": [
		-1.8853283734188153e-7,
		0.04569769278168678,
		-1.9703799125636579e-7
	],
	"rotation": [
		0,
		0,
		0
	],
	"rotationQuaternion": [
		0.5920605659484863,
		-0.007870355620980263,
		0.048146672546863556,
		0.8044154644012451
	],
	"scaling": [
		0.9999998211860657,
		0.9999998211860657,
		1.0000001192092896
	],
	"billboardMode": 0,
	"scalingDeterminant": 1,
	"infiniteDistance": false,
	"ignoreNonUniformScaling": false,
	"reIntegrateRotationIntoRotationQuaternion": false,
	"name": "LeftHandMiddle2",
	"id": "07bfc3d0-ae79-45e6-ba49-939f14af6d0b",
	"state": "",
	"metadata": {
		"gltf": {
			"pointers": [
				"/nodes/15"
			]
		}
	},
	"type": "TransformNode",
	"parentId": "63e87df3-5127-4bec-95b4-01267c305a14",
	"localMatrix": {
		"0": 1,
		"1": 0,
		"2": 0,
		"3": 0,
		"4": 0,
		"5": 1,
		"6": 0,
		"7": 0,
		"8": 0,
		"9": 0,
		"10": 1,
		"11": 0,
		"12": 0,
		"13": 0,
		"14": 0,
		"15": 1
	},
	"isEnabled": true
}