{
	"tags": null,
	"position": [
		2.4064692638603447e-7,
		0.030486728996038437,
		-9.383334997892234e-9
	],
	"rotation": [
		0,
		0,
		0
	],
	"rotationQuaternion": [
		0.2817169725894928,
		0.41958802938461304,
		-0.4140111207962036,
		0.7570840716362
	],
	"scaling": [
		0.9999995231628418,
		0.9999998807907104,
		0.9999992251396179
	],
	"billboardMode": 0,
	"scalingDeterminant": 1,
	"infiniteDistance": false,
	"ignoreNonUniformScaling": false,
	"reIntegrateRotationIntoRotationQuaternion": false,
	"name": "LeftHandThumb3",
	"id": "7f4c19be-b01a-402e-873b-44b9fe5b6726",
	"state": "",
	"metadata": {
		"gltf": {
			"pointers": [
				"/nodes/6"
			]
		}
	},
	"type": "TransformNode",
	"parentId": "910e2eae-56db-414f-a914-5288eeb1957d",
	"localMatrix": {
		"0": 1,
		"1": 0,
		"2": 0,
		"3": 0,
		"4": 0,
		"5": 1,
		"6": 0,
		"7": 0,
		"8": 0,
		"9": 0,
		"10": 1,
		"11": 0,
		"12": 0,
		"13": 0,
		"14": 0,
		"15": 1
	},
	"isEnabled": true
}