{
	"tags": null,
	"position": [
		-0.03115413710474968,
		0.0873711034655571,
		0.08048141002655029
	],
	"rotation": [
		0,
		0,
		0
	],
	"rotationQuaternion": [
		-0.003611026331782341,
		-2.4358994821227498e-9,
		1.4199792730540395e-10,
		0.9999935030937195
	],
	"scaling": [
		1.0000001192092896,
		0.9999995827674866,
		0.9999995827674866
	],
	"billboardMode": 0,
	"scalingDeterminant": 1,
	"infiniteDistance": false,
	"ignoreNonUniformScaling": false,
	"reIntegrateRotationIntoRotationQuaternion": false,
	"name": "RightEye",
	"id": "5ed70d40-6c29-48d0-b179-ded793a50f3f",
	"state": "",
	"metadata": {
		"gltf": {
			"pointers": [
				"/nodes/2"
			]
		}
	},
	"type": "TransformNode",
	"parentId": "47c153f4-ac59-4e19-91c9-20b163e6963e",
	"localMatrix": {
		"0": 1,
		"1": 0,
		"2": 0,
		"3": 0,
		"4": 0,
		"5": 1,
		"6": 0,
		"7": 0,
		"8": 0,
		"9": 0,
		"10": 1,
		"11": 0,
		"12": 0,
		"13": 0,
		"14": 0,
		"15": 1
	},
	"isEnabled": true
}