{
	"tags": null,
	"position": [
		-1.3774123885923473e-7,
		0.030486412346363068,
		-1.922190051573125e-7
	],
	"rotation": [
		0,
		0,
		0
	],
	"rotationQuaternion": [
		0.02466878481209278,
		-0.023542197421193123,
		0.44798627495765686,
		0.8933899402618408
	],
	"scaling": [
		0.9999995827674866,
		1.0000005960464478,
		1.0000001192092896
	],
	"billboardMode": 0,
	"scalingDeterminant": 1,
	"infiniteDistance": false,
	"ignoreNonUniformScaling": false,
	"reIntegrateRotationIntoRotationQuaternion": false,
	"name": "RightHandThumb3",
	"id": "2be9e631-ec50-48b8-8f98-cdcb080df8b4",
	"state": "",
	"metadata": {
		"gltf": {
			"pointers": [
				"/nodes/30"
			]
		}
	},
	"type": "TransformNode",
	"parentId": "c6774f08-c65e-40c1-bf2e-8a848b2f66a0",
	"localMatrix": {
		"0": 1,
		"1": 0,
		"2": 0,
		"3": 0,
		"4": 0,
		"5": 1,
		"6": 0,
		"7": 0,
		"8": 0,
		"9": 0,
		"10": 1,
		"11": 0,
		"12": 0,
		"13": 0,
		"14": 0,
		"15": 1
	},
	"isEnabled": true
}