{
	"tags": null,
	"position": [
		3.830907147062135e-8,
		0.03383857011795044,
		-5.9782268024832774e-9
	],
	"rotation": [
		0,
		0,
		0
	],
	"rotationQuaternion": [
		0.04479393735527992,
		-0.05673598125576973,
		0.007136904634535313,
		0.9973583221435547
	],
	"scaling": [
		0.9999995231628418,
		0.9999998807907104,
		0.9999997615814209
	],
	"billboardMode": 0,
	"scalingDeterminant": 1,
	"infiniteDistance": false,
	"ignoreNonUniformScaling": false,
	"reIntegrateRotationIntoRotationQuaternion": false,
	"name": "RightHandIndex4",
	"id": "506d2e93-5ff2-4881-9b1f-22c5c481b555",
	"state": "",
	"metadata": {
		"gltf": {
			"pointers": [
				"/nodes/33"
			]
		}
	},
	"type": "TransformNode",
	"parentId": "1e2a3a40-713d-442e-a5f9-3f87c2eafa5a",
	"localMatrix": {
		"0": 1,
		"1": 0,
		"2": 0,
		"3": 0,
		"4": 0,
		"5": 1,
		"6": 0,
		"7": 0,
		"8": 0,
		"9": 0,
		"10": 1,
		"11": 0,
		"12": 0,
		"13": 0,
		"14": 0,
		"15": 1
	},
	"isEnabled": true
}