{
	"tags": null,
	"position": [
		-0.04713546112179756,
		0.141147643327713,
		-0.006255073007196188
	],
	"rotation": [
		0,
		0,
		0
	],
	"rotationQuaternion": [
		0.5141749382019043,
		-0.46259137988090515,
		0.19894203543663025,
		0.6943021416664124
	],
	"scaling": [
		1,
		0.9999998211860657,
		1.0000001192092896
	],
	"billboardMode": 0,
	"scalingDeterminant": 1,
	"infiniteDistance": false,
	"ignoreNonUniformScaling": false,
	"reIntegrateRotationIntoRotationQuaternion": false,
	"name": "RightShoulder",
	"id": "3375e533-a761-488f-aba8-3e79d7a1fa90",
	"state": "",
	"metadata": {
		"gltf": {
			"pointers": [
				"/nodes/52"
			]
		}
	},
	"type": "TransformNode",
	"parentId": "2b5a3867-f7e5-4da1-a007-3cce1bfe1000",
	"localMatrix": {
		"0": 1,
		"1": 0,
		"2": 0,
		"3": 0,
		"4": 0,
		"5": 1,
		"6": 0,
		"7": 0,
		"8": 0,
		"9": 0,
		"10": 1,
		"11": 0,
		"12": 0,
		"13": 0,
		"14": 0,
		"15": 1
	},
	"isEnabled": true
}