{
	"materials": [],
	"meshes": [
		{
			"name": "Sword_primitive0",
			"id": "3cd5845b-24f4-467a-be71-c6ba53b97095",
			"uniqueId": 372,
			"type": "Mesh",
			"position": [
				0,
				0,
				0
			],
			"rotation": [
				0,
				0,
				0
			],
			"scaling": [
				1,
				1,
				1
			],
			"localMatrix": {
				"0": 1,
				"1": 0,
				"2": 0,
				"3": 0,
				"4": 0,
				"5": 1,
				"6": 0,
				"7": 0,
				"8": 0,
				"9": 0,
				"10": 1,
				"11": 0,
				"12": 0,
				"13": 0,
				"14": 0,
				"15": 1
			},
			"isEnabled": true,
			"isVisible": true,
			"infiniteDistance": false,
			"pickable": true,
			"receiveShadows": false,
			"billboardMode": 0,
			"visibility": 1,
			"checkCollisions": false,
			"isBlocker": false,
			"overrideMaterialSideOrientation": 0,
			"parentId": "15d87023-14ff-4ed4-beca-750c0f98a976",
			"isUnIndexed": false,
			"geometryId": "9676ea59-5f4a-4f7b-81e1-c71df1011251",
			"subMeshes": null,
			"materialId": "382fc5f2-3011-4550-8d84-af4dc3850761",
			"metadata": {
				"gltf": {
					"pointers": [
						"/meshes/9/primitives/0"
					]
				},
				"basePoseMatrix": {
					"0": -32.04705810546875,
					"1": 0.7851556539535522,
					"2": 0.16773010790348053,
					"3": 0,
					"4": -1.908249855041504,
					"5": -13.185866355895996,
					"6": -2.8168516159057617,
					"7": 0,
					"8": 1.0298786889961775e-7,
					"9": 38.702178955078125,
					"10": -0.9631066918373108,
					"11": 0,
					"12": 15.718466758728027,
					"13": 18.125473022460938,
					"14": 2.206753969192505,
					"15": 1
				},
				"originalSourceFile": {
					"id": "Sword_primitive0",
					"name": "Sword_primitive0",
					"sceneFileName": "meshes/character_1/main_characters_v7.glb"
				},
				"isPickable": true
			},
			"instances": [],
			"animations": [],
			"ranges": [],
			"layerMask": 268435455,
			"alphaIndex": 1.7976931348623157e+308,
			"hasVertexAlpha": false,
			"overlayAlpha": 0.5,
			"overlayColor": [
				1,
				0,
				0
			],
			"applyFog": true,
			"delayLoadingFile": "geometries/9676ea59-5f4a-4f7b-81e1-c71df1011251.babylonbinarymeshdata",
			"boundingBoxMaximum": [
				0.9622737765312195,
				0.17308840155601501,
				-0.7750496864318848
			],
			"boundingBoxMinimum": [
				-1.3035054206848145,
				-0.17309126257896423,
				-2.8293190002441406
			],
			"_binaryInfo": {
				"positionsAttrDesc": {
					"count": 17664,
					"stride": 3,
					"offset": 0,
					"dataType": 1
				},
				"normalsAttrDesc": {
					"count": 17664,
					"stride": 3,
					"offset": 70656,
					"dataType": 1
				},
				"uvsAttrDesc": {
					"count": 11776,
					"stride": 2,
					"offset": 141312,
					"dataType": 1
				},
				"indicesAttrDesc": {
					"count": 23472,
					"stride": 1,
					"offset": 188416,
					"dataType": 0
				},
				"subMeshesAttrDesc": {
					"count": 1,
					"stride": 5,
					"offset": 282304,
					"dataType": 0
				}
			},
			"positions": null,
			"normals": null,
			"uvs": null,
			"hasUVs": true,
			"indices": null
		}
	],
	"multiMaterials": [],
	"lods": []
}