{
	"materials": [],
	"meshes": [
		{
			"name": "Sword_primitive3",
			"id": "9acce5e4-a7d0-4e23-bb18-c5f59157a6fc",
			"uniqueId": 373,
			"type": "Mesh",
			"position": [
				0,
				0,
				0
			],
			"rotation": [
				0,
				0,
				0
			],
			"scaling": [
				1,
				1,
				1
			],
			"localMatrix": {
				"0": 1,
				"1": 0,
				"2": 0,
				"3": 0,
				"4": 0,
				"5": 1,
				"6": 0,
				"7": 0,
				"8": 0,
				"9": 0,
				"10": 1,
				"11": 0,
				"12": 0,
				"13": 0,
				"14": 0,
				"15": 1
			},
			"isEnabled": true,
			"isVisible": true,
			"infiniteDistance": false,
			"pickable": true,
			"receiveShadows": false,
			"billboardMode": 0,
			"visibility": 1,
			"checkCollisions": false,
			"isBlocker": false,
			"overrideMaterialSideOrientation": 0,
			"parentId": "15d87023-14ff-4ed4-beca-750c0f98a976",
			"isUnIndexed": false,
			"geometryId": "f5ed4c07-aeb7-4708-b21f-249abaf20f6f",
			"subMeshes": null,
			"materialId": "22471e9e-e3f5-44bb-91e9-460f074065ca",
			"metadata": {
				"gltf": {
					"pointers": [
						"/meshes/9/primitives/3"
					]
				},
				"basePoseMatrix": {
					"0": -32.04705810546875,
					"1": 0.7851556539535522,
					"2": 0.16773010790348053,
					"3": 0,
					"4": -1.908249855041504,
					"5": -13.185866355895996,
					"6": -2.8168516159057617,
					"7": 0,
					"8": 1.0298786889961775e-7,
					"9": 38.702178955078125,
					"10": -0.9631066918373108,
					"11": 0,
					"12": 15.718466758728027,
					"13": 18.125473022460938,
					"14": 2.206753969192505,
					"15": 1
				},
				"originalSourceFile": {
					"id": "Sword_primitive3",
					"name": "Sword_primitive3",
					"sceneFileName": "meshes/character_1/main_characters_v7.glb"
				},
				"isPickable": true
			},
			"instances": [],
			"animations": [],
			"ranges": [],
			"layerMask": 268435455,
			"alphaIndex": 1.7976931348623157e+308,
			"hasVertexAlpha": false,
			"overlayAlpha": 0.5,
			"overlayColor": [
				1,
				0,
				0
			],
			"applyFog": true,
			"delayLoadingFile": "geometries/f5ed4c07-aeb7-4708-b21f-249abaf20f6f.babylonbinarymeshdata",
			"boundingBoxMaximum": [
				0.7243927121162415,
				0.9849206209182739,
				-1.1920928955078125e-7
			],
			"boundingBoxMinimum": [
				-0.8220204710960388,
				-0.9849209189414978,
				-0.34372127056121826
			],
			"_binaryInfo": {
				"positionsAttrDesc": {
					"count": 8727,
					"stride": 3,
					"offset": 0,
					"dataType": 1
				},
				"normalsAttrDesc": {
					"count": 8727,
					"stride": 3,
					"offset": 34908,
					"dataType": 1
				},
				"uvsAttrDesc": {
					"count": 5818,
					"stride": 2,
					"offset": 69816,
					"dataType": 1
				},
				"indicesAttrDesc": {
					"count": 16128,
					"stride": 1,
					"offset": 93088,
					"dataType": 0
				},
				"subMeshesAttrDesc": {
					"count": 1,
					"stride": 5,
					"offset": 157600,
					"dataType": 0
				}
			},
			"positions": null,
			"normals": null,
			"uvs": null,
			"hasUVs": true,
			"indices": null
		}
	],
	"multiMaterials": [],
	"lods": []
}